SMILES,num_rotable_bonds,rotable_proportion,non_rotable_proportion,molecular_formular,molecular_mass,carbon_mass,hydrogen_mass,nitrogen_mass,oxygen_mass,carbon_mass_ratio,hydrogen_mass_ratio,nitrogen_mass_ratio,oxygen_mass_ratio,num_carbon_atoms,num_hydrogen_atoms,num_nitrogen_atoms,num_oxygen_atoms,carbon_atom_ratio,hydrogen_atom_ratio,nitrogen_atom_ratio,oxygen_atom_ratio,num_atoms,degree_of_unsaturation,num_hydrogen_bond_acceptors,num_hydrogen_bond_donors,num_valence_electrons,num_lipinski_violations,num_chiral_centers,rings_cyclopropane_count,rings_spiropentane_count,rings_cyclobutane_count,rings_cyclopentane_count,rings_furan_count,rings_thiophene_count,rings_pyrrole_count,rings_2h_pyrrole_count,rings_3h_pyrrole_count,rings_pyrazole_count,rings_2h_imidazole_count,"rings_1,2,3_triazole_count","rings_1,2,4_triazole_count","rings_1,2_dithiole_count","rings_1,3_dithiole_count","rings_3h_1,2_oxathiole_count",rings_isoxazole_count,rings_oxazole_count,rings_thiazole_count,rings_isothiazole_count,"rings_1,2,3_oxadiazole_count","rings_1,2,4_oxadiazole_count","rings_1,2,5_oxadiazole_count","rings_1,3,4_oxadiazole_count","rings_1,2,3,4_oxatriazole_count","rings_1,2,3,5_oxatriazole_count","rings_3h_1,2,3_dioxazole_count","rings_1,2,4_dioxazole_count","rings_1,3,2_dioxazole_count","rings_1,3,4_dioxazole_count","rings_5h_1,2,5_oxathiazole_count","rings_1,3_oxathiole_count",rings_benzene_count,rings_cyclohexane_count,rings_2h_pyran_count,rings_4h_pyran_count,rings_2h_pyran_2_one_count,rings_4h_pyran_4_one_count,"rings_1,2_dioxin_count","rings_1,3_dioxin_count",rings_pyridine_count,rings_pyridazine_count,rings_pyrimidine_count,rings_pyrazine_count,rings_piperazine_count,"rings_1,3,5_triazine_count","rings_1,2,4_triazine_count","rings_1,2,3_triazine_count","rings_4h_1,2_oxazine_count","rings_2h_1,3_oxazine_count","rings_6h_1,3_oxazine_count","rings_6h_1,2_oxazine_count","rings_1,4_oxazine_count","rings_2h_1,2_oxazine_count","rings_4h_1,4_oxazine_count","rings_1,2,5_oxathiazine_count","rings_1,2,6_oxathiazine_count","rings_1,2,4_oxadiazine_count","rings_1,3,5_oxadiazine_count",rings_morpholine_count,rings_azepine_count,rings_oxepin_count,rings_thiepin_count,"rings_4h_1,2_diazepine_count",rings_indene_count,rings_2h_indene_count,rings_benzofuran_count,rings_isobenzofuran_count,rings_benzo_b_thiophene_count,rings_benzo_c_thiophene_count,rings_indole_count,rings_3h_indole_count,rings_1h_indole_count,rings_cyclopenta_b_pyridine_count,"rings_pyrano_3,4_b__pyrrole_count",rings_indazole_count,rings_benzisoxazole_count,rings_benzoxazole_count,"rings_2,1_benzisoxazole_count",rings_naphthalene_count,"rings_1,2,3,4_tetrahydronaphthalene_count",rings_octahydronaphthalene_count,rings_2h_1_benzopyran_count,rings_2h_1_benzopyran_2_one_count,rings_4h_1_benzopyran_4_one_count,rings_1h_2_benzopyran_1_one_count,rings_3h_2_benzopyran_1_one_count,rings_quinoline_count,rings_isoquinoline_count,rings_cinnoline_count,rings_quinazoline_count,"rings_1,8_napthyhridine_count","rings_1,7_napththyridine_count","rings_1,5_napththridine_count","rings_1,6_napthyridine_count","rings_2h_1,3_benzoxazine_count","rings_2h_1,4_benzoxazine_count","rings_1h_2,3_benzoxazine_count","rings_4h_3,1_benzoxazine_count","rings_2h_1,2_benzoxazine_count","rings_4h_1,3_benzoxazine_count",rings_anthracene_count,rings_phenanthrene_count,rings_phenalene_count,rings_fluorene_count,rings_carbazole_count,rings_xanthene_count,rings_acridine_count,rings_norpinane_count,rings_7h_purine_count,rings_steroid_ring_system_count,weisfeiler_lehman_hash,num_carbon_environments,rotational_symmetry_number,point_group,monoisotopic_molecular_mass
CC(C)NCC(O)COc1cccc2ccccc12.[Cl],6,0.3,0.7,C16H21ClNO2,294.802,192.17599999999996,21.16799999999999,14.007,31.998,0.6518816018887251,0.07180412615925261,0.047513246178791185,0.10854064762111519,16,21,1,2,0.3902439024390244,0.5121951219512195,0.024390243902439025,0.04878048780487805,41,6.0,3,2,109,0,1,0,0,0,0,0,0,0,0,0,0,0,0,0,0,0,0,0,0,0,0,0,0,0,0,0,0,0,0,0,0,0,0,2,0,0,0,0,0,0,0,0,0,0,0,0,0,0,0,0,0,0,0,0,0,0,0,0,0,0,0,0,0,0,0,0,0,0,0,0,0,0,0,0,0,0,0,0,0,0,1,0,0,0,0,0,0,0,0,0,0,0,0,0,0,0,0,0,0,0,0,0,0,0,0,0,0,0,0,0,0,0,3065da8284e28f3409fd5fe44e061919,15,1,C1,294.126081592
CC(C)(C)OC(=O)CCCc1ccc(N(CCCl)CCCl)cc1,9,0.4782608695652174,0.5217391304347826,C18H27Cl2NO2,360.32500000000005,216.19799999999995,27.215999999999983,14.007,31.998,0.6000083258169706,0.07553181155900918,0.03887323943661971,0.08880316381044889,18,27,1,2,0.36,0.54,0.02,0.04,50,5.0,3,0,130,0,0,0,0,0,0,0,0,0,0,0,0,0,0,0,0,0,0,0,0,0,0,0,0,0,0,0,0,0,0,0,0,0,0,1,0,0,0,0,0,0,0,0,0,0,0,0,0,0,0,0,0,0,0,0,0,0,0,0,0,0,0,0,0,0,0,0,0,0,0,0,0,0,0,0,0,0,0,0,0,0,0,0,0,0,0,0,0,0,0,0,0,0,0,0,0,0,0,0,0,0,0,0,0,0,0,0,0,0,0,0,0,0,ff85be0335e2104d0319ee8d6cbc9a93,12,1,C1,359.141884464
CC1COc2c(N3CCN(C)CC3)c(F)cc3c(=O)c(C(=O)O)cn1c23,2,0.06896551724137931,0.9310344827586207,C18H20FN3O4,361.37300000000005,216.19799999999995,20.15999999999999,42.021,63.996,0.5982682712875614,0.05578723368929053,0.11628151522111502,0.1770912602767777,18,20,3,4,0.391304347826087,0.43478260869565216,0.06521739130434782,0.08695652173913043,46,10.0,6,1,138,0,1,0,0,0,0,0,0,0,0,0,0,0,0,0,0,0,0,0,0,0,0,0,0,0,0,0,0,0,0,0,0,0,0,1,0,0,0,0,0,0,0,1,0,0,0,1,0,0,0,0,0,0,0,0,0,0,0,0,0,0,0,0,0,0,0,0,0,0,0,0,0,0,0,0,0,0,0,0,0,0,0,0,0,0,0,0,0,0,1,0,0,0,0,0,0,0,0,0,0,0,0,0,0,0,0,0,0,0,0,0,0,0,b3a6a4477c0eb93dfbabcd246e999ba7,16,1,C1,361.14378433999997
CC(=O)NCCCOc1cccc(CN2CCCCC2)c1,7,0.36363636363636365,0.6363636363636364,C17H26N2O2,290.40700000000004,204.18699999999995,26.207999999999984,28.014,31.998,0.703106330081575,0.09024575853887813,0.09646461689973036,0.11018329447981624,17,26,2,2,0.3617021276595745,0.5531914893617021,0.0425531914893617,0.0425531914893617,47,6.0,3,1,116,0,0,0,0,0,0,0,0,0,0,0,0,0,0,0,0,0,0,0,0,0,0,0,0,0,0,0,0,0,0,0,0,0,0,1,0,0,0,0,0,0,0,0,0,0,0,0,0,0,0,0,0,0,0,0,0,0,0,0,0,0,0,0,0,0,0,0,0,0,0,0,0,0,0,0,0,0,0,0,0,0,0,0,0,0,0,0,0,0,0,0,0,0,0,0,0,0,0,0,0,0,0,0,0,0,0,0,0,0,0,0,0,0,84fce8f61a2bd6e3650719d4b63a3e6d,15,1,C1,290.199428072
Cc1onc(-c2ccccc2Cl)c1C(=O)N[C@@H]1C(=O)N2[C@@H]1SC(C)(C)[C@@H]2C(=O)O,4,0.15625,0.84375,C19H18ClN3O5S,435.8890000000002,228.20899999999995,18.14399999999999,42.021,79.995,0.5235484263195443,0.04162527615975623,0.09640298332832438,0.1835214928571264,19,18,3,5,0.40425531914893614,0.3829787234042553,0.06382978723404255,0.10638297872340426,47,12.0,6,2,152,0,3,0,0,0,0,0,0,0,0,0,0,0,0,0,0,0,0,1,0,0,0,0,0,0,0,0,0,0,0,0,0,0,0,1,0,0,0,0,0,0,0,0,0,0,0,0,0,0,0,0,0,0,0,0,0,0,0,0,0,0,0,0,0,0,0,0,0,0,0,0,0,0,0,0,0,0,0,0,0,0,0,0,0,0,0,0,0,0,0,0,0,0,0,0,0,0,0,0,0,0,0,0,0,0,0,0,0,0,0,0,0,0,5c2cb95fafd221793a34032a989e127e,18,1,C1,435.0655693559999
CCN1CCN(C(=O)N[C@@H](C(=O)N[C@@H]2C(=O)N3C(C(=O)O)=C(CSc4nnnn4C)CS[C@H]23)c2ccc(O)cc2)C(=O)C1=O,9,0.25,0.75,C25H27N9O8S2,645.6800000000003,300.27500000000003,27.215999999999983,126.06300000000002,127.99199999999999,0.4650523479122784,0.042150910667823026,0.19524067649609708,0.19822822450749586,25,27,9,8,0.352112676056338,0.38028169014084506,0.1267605633802817,0.11267605633802817,71,17.0,13,4,232,3,3,0,0,0,0,0,0,0,0,0,0,0,0,0,0,0,0,0,0,0,0,0,0,0,0,0,0,0,0,0,0,0,0,1,0,0,0,0,0,0,0,0,0,0,0,1,0,0,0,0,0,0,0,0,0,0,0,0,0,0,0,0,0,0,0,0,0,0,0,0,0,0,0,0,0,0,0,0,0,0,0,0,0,0,0,0,0,0,0,0,0,0,0,0,0,0,0,0,0,0,0,0,0,0,0,0,0,0,0,0,0,0,0dc23eff8c59a3fef74bab9bc5e5f61c,23,1,C1,645.1424008240001
CN(C)[C@@H]1C(=O)/C(=C(/O)NCN2CCCC2)C(=O)[C@@]2(O)C(=O)C3=C(O)c4c(O)cccc4[C@@](C)(O)[C@H]3C[C@@H]12,4,0.09523809523809523,0.9047619047619048,C27H33N3O8,527.5740000000002,324.2970000000001,33.26399999999998,42.021,127.99199999999999,0.6146948105858135,0.06305087058877043,0.07964948992937482,0.242604828896041,27,33,3,8,0.38028169014084506,0.4647887323943662,0.04225352112676056,0.11267605633802817,71,13.0,11,6,204,3,5,0,0,0,0,0,0,0,0,0,0,0,0,0,0,0,0,0,0,0,0,0,0,0,0,0,0,0,0,0,0,0,0,1,2,0,0,0,0,0,0,0,0,0,0,0,0,0,0,0,0,0,0,0,0,0,0,0,0,0,0,0,0,0,0,0,0,0,0,0,0,0,0,0,0,0,0,0,0,0,0,0,0,0,0,0,0,0,0,0,0,0,0,0,0,0,0,0,0,0,0,0,0,0,0,0,0,0,0,0,0,0,b87c1e0b8fb405bb7fab8d5e1c24bbfe,24,1,C1,527.2267650159998
Cc1nccn1CC1CCc2c(c3ccccc3n2C)C1=O,2,0.08,0.92,C18H19N3O,293.37000000000006,216.19799999999995,19.15199999999999,42.021,15.999,0.7369465180488799,0.06528274874731563,0.14323550465282747,0.054535228550976575,18,19,3,1,0.43902439024390244,0.4634146341463415,0.07317073170731707,0.024390243902439025,41,11.0,4,0,112,0,1,0,0,0,0,0,0,0,0,0,0,0,0,0,0,0,0,0,0,0,0,0,0,0,0,0,0,0,0,0,0,0,0,1,0,0,0,0,0,0,0,0,0,0,0,0,0,0,0,0,0,0,0,0,0,0,0,0,0,0,0,0,0,0,0,0,0,0,0,0,0,0,0,0,0,0,0,0,0,0,0,0,0,0,0,0,0,0,0,0,0,0,0,0,0,0,0,0,0,0,0,0,0,0,0,0,0,0,0,0,0,0,0ba5b46abf873b1a4320bda750f068bf,18,1,C1,293.152812228
COc1ccc([C@@H]2Sc3ccccc3N(CCN(C)C)C(=O)[C@@H]2OC(C)=O)cc1,6,0.22580645161290322,0.7741935483870968,C22H26N2O4S,414.52700000000016,264.24199999999996,26.207999999999984,28.014,63.996,0.6374542550907416,0.06322386720286007,0.0675806401030572,0.1543831885498411,22,26,2,4,0.4,0.4727272727272727,0.03636363636363636,0.07272727272727272,55,11.0,6,0,154,0,2,0,0,0,0,0,0,0,0,0,0,0,0,0,0,0,0,0,0,0,0,0,0,0,0,0,0,0,0,0,0,0,0,2,0,0,0,0,0,0,0,0,0,0,0,0,0,0,0,0,0,0,0,0,0,0,0,0,0,0,0,0,0,0,0,0,0,0,0,0,0,0,0,0,0,0,0,0,0,0,0,0,0,0,0,0,0,0,0,0,0,0,0,0,0,0,0,0,0,0,0,0,0,0,0,0,0,0,0,0,0,0,6b8c8ea62cd6c70c7f0792c95ed1b194,19,1,C1,414.1613283119999
NC(N)=NC(=O)c1nc(Cl)c(N)nc1N,1,0.13333333333333333,0.8666666666666667,C6H8ClN7O,229.63099999999997,72.06599999999999,8.064,98.049,15.999,0.31383393357168676,0.03511720978439323,0.42698503250867703,0.06967264872774147,6,8,7,1,0.2608695652173913,0.34782608695652173,0.30434782608695654,0.043478260869565216,23,6.0,5,4,80,0,0,0,0,0,0,0,0,0,0,0,0,0,0,0,0,0,0,0,0,0,0,0,0,0,0,0,0,0,0,0,0,0,0,0,0,0,0,0,0,0,0,0,0,0,1,0,0,0,0,0,0,0,0,0,0,0,0,0,0,0,0,0,0,0,0,0,0,0,0,0,0,0,0,0,0,0,0,0,0,0,0,0,0,0,0,0,0,0,0,0,0,0,0,0,0,0,0,0,0,0,0,0,0,0,0,0,0,0,0,0,0,0,cc767fe35080945047f89b506d496190,6,1,C1,229.04788555599998
CN1Cc2c(-c3noc(C(C)(O)CO)n3)ncn2-c2cccc(Cl)c2C1=O,3,0.1,0.9,C17H16ClN5O4,389.7990000000001,204.18699999999995,16.127999999999993,70.035,63.996,0.5238263823149878,0.04137517028006739,0.1796695219844073,0.16417692195208297,17,16,5,4,0.3953488372093023,0.37209302325581395,0.11627906976744186,0.09302325581395349,43,12.0,8,2,140,0,1,0,0,0,0,0,0,0,0,0,0,0,0,0,0,0,0,0,0,0,0,0,1,0,0,0,0,0,0,0,0,0,0,1,0,0,0,0,0,0,0,0,0,0,0,0,0,0,0,0,0,0,0,0,0,0,0,0,0,0,0,0,0,0,0,0,0,0,0,0,0,0,0,0,0,0,0,0,0,0,0,0,0,0,0,0,0,0,0,0,0,0,0,0,0,0,0,0,0,0,0,0,0,0,0,0,0,0,0,0,0,0,73ccb241c7b7ee23ca83d7350778d3d4,17,1,C1,389.08908167199996
Cc1cn([C@H]2C[C@H](F)[C@@H](CO)O2)c(=O)[nH]c1=O,2,0.1111111111111111,0.8888888888888888,C10H13FN2O4,244.22199999999998,120.10999999999997,13.103999999999996,28.014,63.996,0.49180663494689253,0.05365609977807076,0.11470711074350387,0.2620402748319153,10,13,2,4,0.3333333333333333,0.43333333333333335,0.06666666666666667,0.13333333333333333,30,5.0,5,2,94,0,3,0,0,0,0,0,0,0,0,0,0,0,0,0,0,0,0,0,0,0,0,0,0,0,0,0,0,0,0,0,0,0,0,0,0,0,0,0,0,0,0,0,0,1,0,0,0,0,0,0,0,0,0,0,0,0,0,0,0,0,0,0,0,0,0,0,0,0,0,0,0,0,0,0,0,0,0,0,0,0,0,0,0,0,0,0,0,0,0,0,0,0,0,0,0,0,0,0,0,0,0,0,0,0,0,0,0,0,0,0,0,0,891c4d9b522b92e4d167449c94b33db3,10,1,C1,244.085935116
ClCCl,0,0.0,1.0,CH2Cl2,84.93299999999999,12.011,2.016,0.0,0.0,0.14141735250138346,0.02373635689308043,0.0,0.0,1,2,0,0,0.2,0.4,0.0,0.0,5,0.0,0,0,20,0,0,0,0,0,0,0,0,0,0,0,0,0,0,0,0,0,0,0,0,0,0,0,0,0,0,0,0,0,0,0,0,0,0,0,0,0,0,0,0,0,0,0,0,0,0,0,0,0,0,0,0,0,0,0,0,0,0,0,0,0,0,0,0,0,0,0,0,0,0,0,0,0,0,0,0,0,0,0,0,0,0,0,0,0,0,0,0,0,0,0,0,0,0,0,0,0,0,0,0,0,0,0,0,0,0,0,0,0,0,0,0,0,c502b67eb6d91d909ba398fa39bec60c,1,2,C2v,83.953355424
CC(C)(C)NC(=O)C1CC2CCCCC2CN1CC(O)C(Cc1ccccc1)NC(=O)C(CC(N)=O)NC(=O)c1ccc2ccccc2n1,12,0.3018867924528302,0.6981132075471698,C38H50N6O5,670.855,456.41800000000035,50.40000000000003,84.042,79.995,0.6803526842611299,0.0751280082879311,0.12527595382012507,0.11924335363081441,38,50,6,5,0.3838383838383838,0.5050505050505051,0.06060606060606061,0.050505050505050504,99,17.0,7,5,262,1,6,0,0,0,0,0,0,0,0,0,0,0,0,0,0,0,0,0,0,0,0,0,0,0,0,0,0,0,0,0,0,0,0,2,1,0,0,0,0,0,0,1,0,0,0,0,0,0,0,0,0,0,0,0,0,0,0,0,0,0,0,0,0,0,0,0,0,0,0,0,0,0,0,0,0,0,0,0,0,0,0,0,0,0,0,0,0,0,1,0,0,0,0,0,0,0,0,0,0,0,0,0,0,0,0,0,0,0,0,0,0,0,66244b95f7dd1d45640232367be73f10,34,1,C1,670.3842687
CCC(=O)C(CC(C)N(C)C)(c1ccccc1)c1ccccc1,7,0.2916666666666667,0.7083333333333334,C21H27NO,309.45300000000003,252.23099999999994,27.215999999999983,14.007,15.999,0.8150866205853552,0.08794873534914828,0.045263739566266926,0.05170090449922928,21,27,1,1,0.42,0.54,0.02,0.02,50,9.0,2,0,122,0,1,0,0,0,0,0,0,0,0,0,0,0,0,0,0,0,0,0,0,0,0,0,0,0,0,0,0,0,0,0,0,0,0,2,0,0,0,0,0,0,0,0,0,0,0,0,0,0,0,0,0,0,0,0,0,0,0,0,0,0,0,0,0,0,0,0,0,0,0,0,0,0,0,0,0,0,0,0,0,0,0,0,0,0,0,0,0,0,0,0,0,0,0,0,0,0,0,0,0,0,0,0,0,0,0,0,0,0,0,0,0,0,517a018f6f52060727533092b1592e11,12,1,C1,309.209264484
CCC(=O)N(c1ccccc1)C1(COC)CCN(CCn2nnn(CC)c2=O)CC1,9,0.3125,0.6875,C21H32N6O3,416.52600000000024,252.23099999999994,32.25599999999998,84.042,47.997,0.605558836663257,0.07744054392762988,0.20176891718644202,0.1152317022226703,21,32,6,3,0.3387096774193548,0.5161290322580645,0.0967741935483871,0.04838709677419355,62,9.0,8,0,164,0,0,0,0,0,0,0,0,0,0,0,0,0,0,0,0,0,0,0,0,0,0,0,0,0,0,0,0,0,0,0,0,0,0,1,0,0,0,0,0,0,0,0,0,0,0,0,0,0,0,0,0,0,0,0,0,0,0,0,0,0,0,0,0,0,0,0,0,0,0,0,0,0,0,0,0,0,0,0,0,0,0,0,0,0,0,0,0,0,0,0,0,0,0,0,0,0,0,0,0,0,0,0,0,0,0,0,0,0,0,0,0,0,7c455e4106f6485e8900ec883178af52,17,1,C1,416.25358888400007
CN(C)C(=O)C(CCN1CCC(O)(c2ccc(Cl)cc2)CC1)(c1ccccc1)c1ccccc1,7,0.21621621621621623,0.7837837837837838,C29H33ClN2O2,477.0480000000002,348.31900000000013,33.26399999999998,28.014,31.998,0.730155036809713,0.06972883231876031,0.05872365045026913,0.06707501131961562,29,33,2,2,0.43283582089552236,0.4925373134328358,0.029850746268656716,0.029850746268656716,67,14.0,3,1,178,1,0,0,0,0,0,0,0,0,0,0,0,0,0,0,0,0,0,0,0,0,0,0,0,0,0,0,0,0,0,0,0,0,0,3,0,0,0,0,0,0,0,0,0,0,0,0,0,0,0,0,0,0,0,0,0,0,0,0,0,0,0,0,0,0,0,0,0,0,0,0,0,0,0,0,0,0,0,0,0,0,0,0,0,0,0,0,0,0,0,0,0,0,0,0,0,0,0,0,0,0,0,0,0,0,0,0,0,0,0,0,0,0,bca90a461161f664a09fcccfa7aae5ee,16,1,C1,476.223055976
CN1C2CCC1CC(OC(=O)[C@H](CO)c1ccccc1)C2,4,0.21739130434782608,0.782608695652174,C17H23NO3,289.37500000000006,204.18699999999995,23.183999999999987,14.007,47.997,0.7056138228941682,0.08011749460043191,0.04840431965442764,0.1658643628509719,17,23,1,3,0.38636363636363635,0.5227272727272727,0.022727272727272728,0.06818181818181818,44,7.0,4,1,114,0,4,0,0,0,0,0,0,0,0,0,0,0,0,0,0,0,0,0,0,0,0,0,0,0,0,0,0,0,0,0,0,0,0,1,0,0,0,0,0,0,0,0,0,0,0,0,0,0,0,0,0,0,0,0,0,0,0,0,0,0,0,0,0,0,0,0,0,0,0,0,0,0,0,0,0,0,0,0,0,0,0,0,0,0,0,0,0,0,0,0,0,0,0,0,0,0,0,0,0,0,0,0,0,0,0,0,0,0,0,0,0,0,564006443858918d21911c4e2307c3f6,12,1,C1,289.167793596
COc1ccc(Cl)cc1C(=O)NCCc1ccc(S(=O)(=O)NC(=O)NC2CCCCC2)cc1,8,0.3142857142857143,0.6857142857142857,C23H28ClN3O5S,494.0130000000003,276.253,28.223999999999982,42.021,79.995,0.5592018833512474,0.05713209976255678,0.08506051460184241,0.16192893709274847,23,28,3,5,0.3770491803278688,0.45901639344262296,0.04918032786885246,0.08196721311475409,61,13.0,5,3,178,0,0,0,0,0,0,0,0,0,0,0,0,0,0,0,0,0,0,0,0,0,0,0,0,0,0,0,0,0,0,0,0,0,0,2,1,0,0,0,0,0,0,0,0,0,0,0,0,0,0,0,0,0,0,0,0,0,0,0,0,0,0,0,0,0,0,0,0,0,0,0,0,0,0,0,0,0,0,0,0,0,0,0,0,0,0,0,0,0,0,0,0,0,0,0,0,0,0,0,0,0,0,0,0,0,0,0,0,0,0,0,0,0,4236a2dc37e1d75bb811b2ea93fa17cd,19,1,C1,493.14381967599996
Nc1nnc(-c2cccc(Cl)c2Cl)c(N)n1,1,0.058823529411764705,0.9411764705882353,C9H7Cl2N5,256.09599999999995,108.09899999999998,7.056,70.035,0.0,0.4221034299637636,0.02755216793702362,0.27347166687492197,0.0,9,7,5,0,0.391304347826087,0.30434782608695654,0.21739130434782608,0.0,23,8.0,5,2,82,0,0,0,0,0,0,0,0,0,0,0,0,0,0,0,0,0,0,0,0,0,0,0,0,0,0,0,0,0,0,0,0,0,0,1,0,0,0,0,0,0,0,0,0,0,0,0,0,1,0,0,0,0,0,0,0,0,0,0,0,0,0,0,0,0,0,0,0,0,0,0,0,0,0,0,0,0,0,0,0,0,0,0,0,0,0,0,0,0,0,0,0,0,0,0,0,0,0,0,0,0,0,0,0,0,0,0,0,0,0,0,0,0,93d17bfe3bbbbae5bc7474ec0e770d3a,9,1,C1,255.00785058399998
CCCC(C)C,2,0.4,0.6,C6H14,86.178,72.06599999999999,14.111999999999995,0.0,0.0,0.8362459096289075,0.16375409037109234,0.0,0.0,6,14,0,0,0.3,0.7,0.0,0.0,20,0.0,0,0,38,0,0,0,0,0,0,0,0,0,0,0,0,0,0,0,0,0,0,0,0,0,0,0,0,0,0,0,0,0,0,0,0,0,0,0,0,0,0,0,0,0,0,0,0,0,0,0,0,0,0,0,0,0,0,0,0,0,0,0,0,0,0,0,0,0,0,0,0,0,0,0,0,0,0,0,0,0,0,0,0,0,0,0,0,0,0,0,0,0,0,0,0,0,0,0,0,0,0,0,0,0,0,0,0,0,0,0,0,0,0,0,0,0,c73011dfdc6d5ea287b19ccee497c516,5,1,C1,86.109550448
C[C@H](N)Cc1ccccc1,2,0.2,0.8,C9H13N,135.20999999999998,108.09899999999998,13.103999999999996,14.007,0.0,0.7994896827157754,0.09691590858664298,0.10359440869758155,0.0,9,13,1,0,0.391304347826087,0.5652173913043478,0.043478260869565216,0.0,23,4.0,1,1,54,0,1,0,0,0,0,0,0,0,0,0,0,0,0,0,0,0,0,0,0,0,0,0,0,0,0,0,0,0,0,0,0,0,0,1,0,0,0,0,0,0,0,0,0,0,0,0,0,0,0,0,0,0,0,0,0,0,0,0,0,0,0,0,0,0,0,0,0,0,0,0,0,0,0,0,0,0,0,0,0,0,0,0,0,0,0,0,0,0,0,0,0,0,0,0,0,0,0,0,0,0,0,0,0,0,0,0,0,0,0,0,0,0,5b14a1cbb4939c459f8853f2a0529632,7,1,C1,135.104799416
CN(C)Cc1ccc(CSCCNc2nc(=O)c(Cc3ccc4ccccc4c3)c[nH]2)o1,10,0.2857142857142857,0.7142857142857143,C25H28N4O2S,448.59200000000016,300.27500000000003,28.223999999999982,56.028,31.998,0.6693721689196418,0.06291685986375141,0.12489745693191136,0.07132984984128114,25,28,4,2,0.4166666666666667,0.4666666666666667,0.06666666666666667,0.03333333333333333,60,14.0,6,2,166,0,0,0,0,0,0,1,0,0,0,0,0,0,0,0,0,0,0,0,0,0,0,0,0,0,0,0,0,0,0,0,0,0,0,2,0,0,0,0,0,0,0,0,0,1,0,0,0,0,0,0,0,0,0,0,0,0,0,0,0,0,0,0,0,0,0,0,0,0,0,0,0,0,0,0,0,0,0,0,0,0,1,0,0,0,0,0,0,0,0,0,0,0,0,0,0,0,0,0,0,0,0,0,0,0,0,0,0,0,0,0,0,0,00b562f3b51090951bb7dc60c410973a,24,1,C1,448.19329713599996
CC(C)(C)NCC(O)COc1cccc2c1C[C@H](O)[C@H](O)C2,5,0.2608695652173913,0.7391304347826086,C17H27NO4,309.406,204.18699999999995,27.215999999999983,14.007,63.996,0.6599322572930064,0.08796209511127769,0.045270615308041856,0.2068350322876738,17,27,1,4,0.3469387755102041,0.5510204081632653,0.02040816326530612,0.08163265306122448,49,5.0,5,4,124,0,3,0,0,0,0,0,0,0,0,0,0,0,0,0,0,0,0,0,0,0,0,0,0,0,0,0,0,0,0,0,0,0,0,1,0,0,0,0,0,0,0,0,0,0,0,0,0,0,0,0,0,0,0,0,0,0,0,0,0,0,0,0,0,0,0,0,0,0,0,0,0,0,0,0,0,0,0,0,0,0,0,1,0,0,0,0,0,0,0,0,0,0,0,0,0,0,0,0,0,0,0,0,0,0,0,0,0,0,0,0,0,0,c4ba4551e4c8045c83baa855747f3af9,15,1,C1,309.194008344
CCC(=O)N(c1ccccc1)C1(COC)CCN(CCc2cccs2)CC1,8,0.3103448275862069,0.6896551724137931,C22H30N2O2S,386.56100000000015,264.24199999999996,30.23999999999998,28.014,31.998,0.6835712862911671,0.07822827445086278,0.07246980424822988,0.08277606897747054,22,30,2,2,0.38596491228070173,0.5263157894736842,0.03508771929824561,0.03508771929824561,57,9.0,4,0,146,0,0,0,0,0,0,0,1,0,0,0,0,0,0,0,0,0,0,0,0,0,0,0,0,0,0,0,0,0,0,0,0,0,0,1,0,0,0,0,0,0,0,0,0,0,0,0,0,0,0,0,0,0,0,0,0,0,0,0,0,0,0,0,0,0,0,0,0,0,0,0,0,0,0,0,0,0,0,0,0,0,0,0,0,0,0,0,0,0,0,0,0,0,0,0,0,0,0,0,0,0,0,0,0,0,0,0,0,0,0,0,0,0,a50b5d53cb2fb83ccd61713639ff9042,18,1,C1,386.2027992
CCNC(=NC#N)NCCSCc1ncccc1Br,6,0.42105263157894735,0.5789473684210527,C12H16BrN5S,342.266,144.13199999999998,16.127999999999993,70.035,0.0,0.42111106566237944,0.04712124487971341,0.20462155165865142,0.0,12,16,5,0,0.34285714285714286,0.45714285714285713,0.14285714285714285,0.0,35,7.0,4,2,102,0,0,0,0,0,0,0,0,0,0,0,0,0,0,0,0,0,0,0,0,0,0,0,0,0,0,0,0,0,0,0,0,0,0,0,0,0,0,0,0,0,0,1,0,0,0,0,0,0,0,0,0,0,0,0,0,0,0,0,0,0,0,0,0,0,0,0,0,0,0,0,0,0,0,0,0,0,0,0,0,0,0,0,0,0,0,0,0,0,0,0,0,0,0,0,0,0,0,0,0,0,0,0,0,0,0,0,0,0,0,0,0,0,956ad02a66b98e0e57ebb39c83f62c77,12,1,C1,341.030978612
Cc1ccc(-c2nc3ccc(C)cn3c2CC(=O)N(C)C)cc1,3,0.16,0.84,C19H21N3O,307.39700000000005,228.20899999999995,21.16799999999999,42.021,15.999,0.7423917604921321,0.06886209039125296,0.13669944729454092,0.05204670182207373,19,21,3,1,0.4318181818181818,0.4772727272727273,0.06818181818181818,0.022727272727272728,44,11.0,3,0,118,0,0,0,0,0,0,0,0,0,0,0,0,0,0,0,0,0,0,0,0,0,0,0,0,0,0,0,0,0,0,0,0,0,0,1,0,0,0,0,0,0,0,1,0,0,0,0,0,0,0,0,0,0,0,0,0,0,0,0,0,0,0,0,0,0,0,0,0,0,0,0,0,0,0,0,0,0,0,0,0,0,0,0,0,0,0,0,0,0,0,0,0,0,0,0,0,0,0,0,0,0,0,0,0,0,0,0,0,0,0,0,0,0,b60735f22018558c6ff5a5c43cf7d9dd,16,1,C1,307.168462292
CN1CCN(C2=c3ccccc3=Nc3ccc(Cl)cc3N2)CC1,1,0.038461538461538464,0.9615384615384616,C18H19ClN4,326.8310000000001,216.19799999999995,19.15199999999999,56.028,0.0,0.6614978383323489,0.05859909249734568,0.17142804691109467,0.0,18,19,4,0,0.42857142857142855,0.4523809523809524,0.09523809523809523,0.0,42,11.0,4,1,118,0,0,0,0,0,0,0,0,0,0,0,0,0,0,0,0,0,0,0,0,0,0,0,0,0,0,0,0,0,0,0,0,0,0,2,0,0,0,0,0,0,0,0,0,0,0,1,0,0,0,0,0,0,0,0,0,0,0,0,0,0,0,0,0,0,0,0,0,0,0,0,0,0,0,0,0,0,0,0,0,0,0,0,0,0,0,0,0,0,0,0,0,0,0,0,0,0,0,0,0,0,0,0,0,0,0,0,0,0,0,0,0,0,7826f140f8f4e73d65bf7e02b5a20a1f,16,1,C1,326.129824288
FC(F)(F)c1ccc(N2CCNCC2)nc1Cl,1,0.1111111111111111,0.8888888888888888,C10H11ClF3N3,265.66599999999994,120.10999999999997,11.087999999999997,42.021,0.0,0.4521090391694835,0.04173661665399411,0.15817229152394363,0.0,10,11,3,0,0.35714285714285715,0.39285714285714285,0.10714285714285714,0.0,28,5.0,3,1,94,0,0,0,0,0,0,0,0,0,0,0,0,0,0,0,0,0,0,0,0,0,0,0,0,0,0,0,0,0,0,0,0,0,0,0,0,0,0,0,0,0,0,1,0,0,0,1,0,0,0,0,0,0,0,0,0,0,0,0,0,0,0,0,0,0,0,0,0,0,0,0,0,0,0,0,0,0,0,0,0,0,0,0,0,0,0,0,0,0,0,0,0,0,0,0,0,0,0,0,0,0,0,0,0,0,0,0,0,0,0,0,0,0,588815ad9724a3e4f758d87f3c51619e,8,1,C1,265.059359692
CCN1CCN(C(=O)N[C@@H](C(=O)N[C@@H]2C(=O)N3[C@@H]2SC(C)(C)[C@@H]3C(=O)O)c2ccccc2)C(=O)C1=O.O,6,0.23076923076923078,0.7692307692307693,C23H29N5O8S,535.5790000000003,276.253,29.23199999999998,70.035,127.99199999999999,0.5158025239973931,0.05458018331562658,0.13076502252702207,0.23897875010035852,23,29,5,8,0.3484848484848485,0.4393939393939394,0.07575757575757576,0.12121212121212122,66,12.0,7,3,200,1,4,0,0,0,0,0,0,0,0,0,0,0,0,0,0,0,0,0,0,0,0,0,0,0,0,0,0,0,0,0,0,0,0,1,0,0,0,0,0,0,0,0,0,0,0,1,0,0,0,0,0,0,0,0,0,0,0,0,0,0,0,0,0,0,0,0,0,0,0,0,0,0,0,0,0,0,0,0,0,0,0,0,0,0,0,0,0,0,0,0,0,0,0,0,0,0,0,0,0,0,0,0,0,0,0,0,0,0,0,0,0,0,328412e62756e1e259e675d612cc87c3,20,1,C1,535.1736838879998
CCCC(C)C1(CC)C(=O)NC(=O)NC1=O,4,0.25,0.75,C11H18N2O3,226.276,132.12099999999998,18.14399999999999,28.014,47.997,0.5838931216744152,0.08018526047835382,0.12380455726634729,0.2121170605808835,11,18,2,3,0.3235294117647059,0.5294117647058824,0.058823529411764705,0.08823529411764706,34,4.0,3,2,90,0,1,0,0,0,0,0,0,0,0,0,0,0,0,0,0,0,0,0,0,0,0,0,0,0,0,0,0,0,0,0,0,0,0,0,0,0,0,0,0,0,0,0,0,0,0,0,0,0,0,0,0,0,0,0,0,0,0,0,0,0,0,0,0,0,0,0,0,0,0,0,0,0,0,0,0,0,0,0,0,0,0,0,0,0,0,0,0,0,0,0,0,0,0,0,0,0,0,0,0,0,0,0,0,0,0,0,0,0,0,0,0,0,2978137c209c26882f76bf14ac50f785,10,1,C1,226.131742436
